Method;Job;AnalyzeLaunchVariance;EvaluateOverhead;MaxAbsoluteError;MaxRelativeError;MinInvokeCount;MinIterationTime;OutlierMode;Affinity;EnvironmentVariables;Jit;LargeAddressAware;Platform;PowerPlanMode;Runtime;AllowVeryLargeObjects;Concurrent;CpuGroups;Force;HeapAffinitizeMask;HeapCount;NoAffinitize;RetainVm;Server;Arguments;BuildConfiguration;Clock;EngineFactory;NuGetReferences;Toolchain;IsMutator;InvocationCount;IterationCount;IterationTime;LaunchCount;MaxIterationCount;MaxWarmupIterationCount;MemoryRandomization;MinIterationCount;MinWarmupIterationCount;RunStrategy;UnrollFactor;WarmupCount;WorkersCount;Mean;Error;StdDev;Median;Ratio;RatioSD;Gen0;Gen1;Gen2;Allocated;Alloc Ratio
EfQueryAsNoTracking;Job-ONBNTV;False;Default;Default;Default;Default;Default;Default;11111111;Empty;RyuJit;Default;X64;8c5e7fda-e8bf-4a96-9a85-a6e23a8c635c;.NET 8.0;False;True;False;True;Default;Default;False;False;False;Default;Default;Default;Default;Default;Default;Default;Default;30;Default;Default;Default;Default;Default;Default;Default;Default;16;Default;10;214.0 μs;0.80 μs;1.13 μs;214.0 μs;-1%;4.6%;28.3203;0.0000;0.0000;58.85 KB;-11%
EfQuery;Job-ONBNTV;False;Default;Default;Default;Default;Default;Default;11111111;Empty;RyuJit;Default;X64;8c5e7fda-e8bf-4a96-9a85-a6e23a8c635c;.NET 8.0;False;True;False;True;Default;Default;False;False;False;Default;Default;Default;Default;Default;Default;Default;Default;30;Default;Default;Default;Default;Default;Default;Default;Default;16;Default;10;216.4 μs;6.74 μs;10.09 μs;213.8 μs;baseline;;32.2266;0.0000;0.0000;65.85 KB;
EfQueryAsNoTracking;Job-ONBNTV;False;Default;Default;Default;Default;Default;Default;11111111;Empty;RyuJit;Default;X64;8c5e7fda-e8bf-4a96-9a85-a6e23a8c635c;.NET 8.0;False;True;False;True;Default;Default;False;False;False;Default;Default;Default;Default;Default;Default;Default;Default;30;Default;Default;Default;Default;Default;Default;Default;Default;16;Default;19;218.6 μs;5.87 μs;8.79 μs;216.4 μs;-9%;5.4%;30.2734;0.0000;0.0000;62.21 KB;-18%
EfQuery;Job-ONBNTV;False;Default;Default;Default;Default;Default;Default;11111111;Empty;RyuJit;Default;X64;8c5e7fda-e8bf-4a96-9a85-a6e23a8c635c;.NET 8.0;False;True;False;True;Default;Default;False;False;False;Default;Default;Default;Default;Default;Default;Default;Default;30;Default;Default;Default;Default;Default;Default;Default;Default;16;Default;19;240.8 μs;6.22 μs;9.31 μs;239.6 μs;baseline;;37.1094;0.0000;0.0000;76.07 KB;
EfQueryAsNoTracking;Job-ONBNTV;False;Default;Default;Default;Default;Default;Default;11111111;Empty;RyuJit;Default;X64;8c5e7fda-e8bf-4a96-9a85-a6e23a8c635c;.NET 8.0;False;True;False;True;Default;Default;False;False;False;Default;Default;Default;Default;Default;Default;Default;Default;30;Default;Default;Default;Default;Default;Default;Default;Default;16;Default;28;227.4 μs;7.19 μs;10.77 μs;221.2 μs;-14%;6.0%;31.2500;0.0000;0.0000;65.33 KB;-22%
EfQuery;Job-ONBNTV;False;Default;Default;Default;Default;Default;Default;11111111;Empty;RyuJit;Default;X64;8c5e7fda-e8bf-4a96-9a85-a6e23a8c635c;.NET 8.0;False;True;False;True;Default;Default;False;False;False;Default;Default;Default;Default;Default;Default;Default;Default;30;Default;Default;Default;Default;Default;Default;Default;Default;16;Default;28;266.1 μs;7.06 μs;10.57 μs;264.6 μs;baseline;;41.0156;0.0000;0.0000;83.89 KB;
EfQueryAsNoTracking;Job-ONBNTV;False;Default;Default;Default;Default;Default;Default;11111111;Empty;RyuJit;Default;X64;8c5e7fda-e8bf-4a96-9a85-a6e23a8c635c;.NET 8.0;False;True;False;True;Default;Default;False;False;False;Default;Default;Default;Default;Default;Default;Default;Default;30;Default;Default;Default;Default;Default;Default;Default;Default;16;Default;37;237.4 μs;2.54 μs;3.56 μs;236.4 μs;-16%;4.0%;33.2031;0.0000;0.0000;68.94 KB;-25%
EfQuery;Job-ONBNTV;False;Default;Default;Default;Default;Default;Default;11111111;Empty;RyuJit;Default;X64;8c5e7fda-e8bf-4a96-9a85-a6e23a8c635c;.NET 8.0;False;True;False;True;Default;Default;False;False;False;Default;Default;Default;Default;Default;Default;Default;Default;30;Default;Default;Default;Default;Default;Default;Default;Default;16;Default;37;283.7 μs;7.40 μs;11.08 μs;277.8 μs;baseline;;44.9219;0.0000;0.0000;92.21 KB;
EfQueryAsNoTracking;Job-ONBNTV;False;Default;Default;Default;Default;Default;Default;11111111;Empty;RyuJit;Default;X64;8c5e7fda-e8bf-4a96-9a85-a6e23a8c635c;.NET 8.0;False;True;False;True;Default;Default;False;False;False;Default;Default;Default;Default;Default;Default;Default;Default;30;Default;Default;Default;Default;Default;Default;Default;Default;16;Default;46;264.0 μs;7.45 μs;11.16 μs;262.0 μs;-15%;5.9%;35.1563;0.0000;0.0000;72.04 KB;-31%
EfQuery;Job-ONBNTV;False;Default;Default;Default;Default;Default;Default;11111111;Empty;RyuJit;Default;X64;8c5e7fda-e8bf-4a96-9a85-a6e23a8c635c;.NET 8.0;False;True;False;True;Default;Default;False;False;False;Default;Default;Default;Default;Default;Default;Default;Default;30;Default;Default;Default;Default;Default;Default;Default;Default;16;Default;46;312.9 μs;8.83 μs;13.21 μs;312.3 μs;baseline;;50.7813;0.0000;0.0000;105.01 KB;
EfQueryAsNoTracking;Job-ONBNTV;False;Default;Default;Default;Default;Default;Default;11111111;Empty;RyuJit;Default;X64;8c5e7fda-e8bf-4a96-9a85-a6e23a8c635c;.NET 8.0;False;True;False;True;Default;Default;False;False;False;Default;Default;Default;Default;Default;Default;Default;Default;30;Default;Default;Default;Default;Default;Default;Default;Default;16;Default;55;265.4 μs;4.47 μs;5.81 μs;263.2 μs;-22%;4.1%;36.1328;0.0000;0.0000;75.15 KB;-33%
EfQuery;Job-ONBNTV;False;Default;Default;Default;Default;Default;Default;11111111;Empty;RyuJit;Default;X64;8c5e7fda-e8bf-4a96-9a85-a6e23a8c635c;.NET 8.0;False;True;False;True;Default;Default;False;False;False;Default;Default;Default;Default;Default;Default;Default;Default;30;Default;Default;Default;Default;Default;Default;Default;Default;16;Default;55;341.0 μs;8.07 μs;12.08 μs;343.1 μs;baseline;;54.6875;0.0000;0.0000;112.84 KB;
EfQueryAsNoTracking;Job-ONBNTV;False;Default;Default;Default;Default;Default;Default;11111111;Empty;RyuJit;Default;X64;8c5e7fda-e8bf-4a96-9a85-a6e23a8c635c;.NET 8.0;False;True;False;True;Default;Default;False;False;False;Default;Default;Default;Default;Default;Default;Default;Default;30;Default;Default;Default;Default;Default;Default;Default;Default;16;Default;64;280.5 μs;5.74 μs;8.42 μs;275.9 μs;-24%;4.3%;38.0859;0.0000;0.0000;78.25 KB;-35%
EfQuery;Job-ONBNTV;False;Default;Default;Default;Default;Default;Default;11111111;Empty;RyuJit;Default;X64;8c5e7fda-e8bf-4a96-9a85-a6e23a8c635c;.NET 8.0;False;True;False;True;Default;Default;False;False;False;Default;Default;Default;Default;Default;Default;Default;Default;30;Default;Default;Default;Default;Default;Default;Default;Default;16;Default;64;367.8 μs;7.69 μs;11.51 μs;364.5 μs;baseline;;58.5938;0.0000;0.0000;120.66 KB;
EfQueryAsNoTracking;Job-ONBNTV;False;Default;Default;Default;Default;Default;Default;11111111;Empty;RyuJit;Default;X64;8c5e7fda-e8bf-4a96-9a85-a6e23a8c635c;.NET 8.0;False;True;False;True;Default;Default;False;False;False;Default;Default;Default;Default;Default;Default;Default;Default;30;Default;Default;Default;Default;Default;Default;Default;Default;16;Default;73;293.6 μs;3.98 μs;5.17 μs;291.3 μs;-27%;7.2%;40.0391;0.0000;0.0000;82.35 KB;-36%
EfQuery;Job-ONBNTV;False;Default;Default;Default;Default;Default;Default;11111111;Empty;RyuJit;Default;X64;8c5e7fda-e8bf-4a96-9a85-a6e23a8c635c;.NET 8.0;False;True;False;True;Default;Default;False;False;False;Default;Default;Default;Default;Default;Default;Default;Default;30;Default;Default;Default;Default;Default;Default;Default;Default;16;Default;73;405.4 μs;21.17 μs;31.04 μs;398.9 μs;baseline;;62.5000;0.0000;0.0000;129.5 KB;
EfQueryAsNoTracking;Job-ONBNTV;False;Default;Default;Default;Default;Default;Default;11111111;Empty;RyuJit;Default;X64;8c5e7fda-e8bf-4a96-9a85-a6e23a8c635c;.NET 8.0;False;True;False;True;Default;Default;False;False;False;Default;Default;Default;Default;Default;Default;Default;Default;30;Default;Default;Default;Default;Default;Default;Default;Default;16;Default;82;313.4 μs;8.64 μs;12.93 μs;306.3 μs;-24%;5.6%;41.0156;0.0000;0.0000;85.46 KB;-38%
EfQuery;Job-ONBNTV;False;Default;Default;Default;Default;Default;Default;11111111;Empty;RyuJit;Default;X64;8c5e7fda-e8bf-4a96-9a85-a6e23a8c635c;.NET 8.0;False;True;False;True;Default;Default;False;False;False;Default;Default;Default;Default;Default;Default;Default;Default;30;Default;Default;Default;Default;Default;Default;Default;Default;16;Default;82;410.7 μs;10.85 μs;16.25 μs;408.8 μs;baseline;;66.4063;0.0000;0.0000;137.31 KB;
EfQueryAsNoTracking;Job-ONBNTV;False;Default;Default;Default;Default;Default;Default;11111111;Empty;RyuJit;Default;X64;8c5e7fda-e8bf-4a96-9a85-a6e23a8c635c;.NET 8.0;False;True;False;True;Default;Default;False;False;False;Default;Default;Default;Default;Default;Default;Default;Default;30;Default;Default;Default;Default;Default;Default;Default;Default;16;Default;91;330.4 μs;8.61 μs;12.89 μs;324.4 μs;-63%;38.3%;42.9688;0.0000;0.0000;88.57 KB;-43%
EfQuery;Job-ONBNTV;False;Default;Default;Default;Default;Default;Default;11111111;Empty;RyuJit;Default;X64;8c5e7fda-e8bf-4a96-9a85-a6e23a8c635c;.NET 8.0;False;True;False;True;Default;Default;False;False;False;Default;Default;Default;Default;Default;Default;Default;Default;30;Default;Default;Default;Default;Default;Default;Default;Default;16;Default;91;974.4 μs;159.90 μs;239.33 μs;"1,079.2 μs";baseline;;76.1719;0.0000;0.0000;156.02 KB;
EfQueryAsNoTracking;Job-ONBNTV;False;Default;Default;Default;Default;Default;Default;11111111;Empty;RyuJit;Default;X64;8c5e7fda-e8bf-4a96-9a85-a6e23a8c635c;.NET 8.0;False;True;False;True;Default;Default;False;False;False;Default;Default;Default;Default;Default;Default;Default;Default;30;Default;Default;Default;Default;Default;Default;Default;Default;16;Default;100;895.9 μs;49.79 μs;74.52 μs;905.6 μs;-30%;16.8%;42.9688;0.0000;0.0000;91.65 KB;-44%
EfQuery;Job-ONBNTV;False;Default;Default;Default;Default;Default;Default;11111111;Empty;RyuJit;Default;X64;8c5e7fda-e8bf-4a96-9a85-a6e23a8c635c;.NET 8.0;False;True;False;True;Default;Default;False;False;False;Default;Default;Default;Default;Default;Default;Default;Default;30;Default;Default;Default;Default;Default;Default;Default;Default;16;Default;100;"1,304.6 μs";112.16 μs;167.88 μs;"1,359.0 μs";baseline;;78.1250;0.0000;0.0000;163.86 KB;
EfQueryAsNoTracking;Job-ONBNTV;False;Default;Default;Default;Default;Default;Default;11111111;Empty;RyuJit;Default;X64;8c5e7fda-e8bf-4a96-9a85-a6e23a8c635c;.NET 8.0;False;True;False;True;Default;Default;False;False;False;Default;Default;Default;Default;Default;Default;Default;Default;30;Default;Default;Default;Default;Default;Default;Default;Default;16;Default;136;"1,119.6 μs";106.53 μs;159.45 μs;"1,117.4 μs";+18%;22.7%;50.7813;0.0000;0.0000;106.37 KB;-46%
EfQuery;Job-ONBNTV;False;Default;Default;Default;Default;Default;Default;11111111;Empty;RyuJit;Default;X64;8c5e7fda-e8bf-4a96-9a85-a6e23a8c635c;.NET 8.0;False;True;False;True;Default;Default;False;False;False;Default;Default;Default;Default;Default;Default;Default;Default;30;Default;Default;Default;Default;Default;Default;Default;Default;16;Default;136;984.3 μs;127.41 μs;186.76 μs;971.0 μs;baseline;;93.7500;0.0000;0.0000;197.4 KB;
EfQueryAsNoTracking;Job-ONBNTV;False;Default;Default;Default;Default;Default;Default;11111111;Empty;RyuJit;Default;X64;8c5e7fda-e8bf-4a96-9a85-a6e23a8c635c;.NET 8.0;False;True;False;True;Default;Default;False;False;False;Default;Default;Default;Default;Default;Default;Default;Default;30;Default;Default;Default;Default;Default;Default;Default;Default;16;Default;172;837.5 μs;77.98 μs;116.71 μs;823.8 μs;-38%;23.6%;54.6875;0.0000;0.0000;119.01 KB;-48%
EfQuery;Job-ONBNTV;False;Default;Default;Default;Default;Default;Default;11111111;Empty;RyuJit;Default;X64;8c5e7fda-e8bf-4a96-9a85-a6e23a8c635c;.NET 8.0;False;True;False;True;Default;Default;False;False;False;Default;Default;Default;Default;Default;Default;Default;Default;30;Default;Default;Default;Default;Default;Default;Default;Default;16;Default;172;"1,392.5 μs";188.31 μs;281.85 μs;"1,292.8 μs";baseline;;109.3750;0.0000;0.0000;228.98 KB;
EfQueryAsNoTracking;Job-ONBNTV;False;Default;Default;Default;Default;Default;Default;11111111;Empty;RyuJit;Default;X64;8c5e7fda-e8bf-4a96-9a85-a6e23a8c635c;.NET 8.0;False;True;False;True;Default;Default;False;False;False;Default;Default;Default;Default;Default;Default;Default;Default;30;Default;Default;Default;Default;Default;Default;Default;Default;16;Default;208;"1,353.2 μs";82.89 μs;124.06 μs;"1,342.7 μs";+39%;12.4%;64.4531;0.0000;0.0000;131.7 KB;-54%
EfQuery;Job-ONBNTV;False;Default;Default;Default;Default;Default;Default;11111111;Empty;RyuJit;Default;X64;8c5e7fda-e8bf-4a96-9a85-a6e23a8c635c;.NET 8.0;False;True;False;True;Default;Default;False;False;False;Default;Default;Default;Default;Default;Default;Default;Default;30;Default;Default;Default;Default;Default;Default;Default;Default;16;Default;208;982.2 μs;56.13 μs;84.01 μs;993.1 μs;baseline;;136.7188;0.0000;0.0000;284.22 KB;
EfQueryAsNoTracking;Job-ONBNTV;False;Default;Default;Default;Default;Default;Default;11111111;Empty;RyuJit;Default;X64;8c5e7fda-e8bf-4a96-9a85-a6e23a8c635c;.NET 8.0;False;True;False;True;Default;Default;False;False;False;Default;Default;Default;Default;Default;Default;Default;Default;30;Default;Default;Default;Default;Default;Default;Default;Default;16;Default;244;672.6 μs;9.18 μs;13.73 μs;668.9 μs;-31%;3.4%;70.3125;0.0000;0.0000;144.39 KB;-54%
EfQuery;Job-ONBNTV;False;Default;Default;Default;Default;Default;Default;11111111;Empty;RyuJit;Default;X64;8c5e7fda-e8bf-4a96-9a85-a6e23a8c635c;.NET 8.0;False;True;False;True;Default;Default;False;False;False;Default;Default;Default;Default;Default;Default;Default;Default;30;Default;Default;Default;Default;Default;Default;Default;Default;16;Default;244;982.4 μs;18.48 μs;27.67 μs;981.0 μs;baseline;;148.4375;0.0000;0.0000;315.75 KB;
EfQueryAsNoTracking;Job-ONBNTV;False;Default;Default;Default;Default;Default;Default;11111111;Empty;RyuJit;Default;X64;8c5e7fda-e8bf-4a96-9a85-a6e23a8c635c;.NET 8.0;False;True;False;True;Default;Default;False;False;False;Default;Default;Default;Default;Default;Default;Default;Default;30;Default;Default;Default;Default;Default;Default;Default;Default;16;Default;280;798.5 μs;40.71 μs;59.67 μs;777.6 μs;-31%;8.5%;78.1250;0.0000;0.0000;161.09 KB;-54%
EfQuery;Job-ONBNTV;False;Default;Default;Default;Default;Default;Default;11111111;Empty;RyuJit;Default;X64;8c5e7fda-e8bf-4a96-9a85-a6e23a8c635c;.NET 8.0;False;True;False;True;Default;Default;False;False;False;Default;Default;Default;Default;Default;Default;Default;Default;30;Default;Default;Default;Default;Default;Default;Default;Default;16;Default;280;"1,152.2 μs";34.93 μs;51.20 μs;"1,148.4 μs";baseline;;140.6250;31.2500;0.0000;351.24 KB;
EfQueryAsNoTracking;Job-ONBNTV;False;Default;Default;Default;Default;Default;Default;11111111;Empty;RyuJit;Default;X64;8c5e7fda-e8bf-4a96-9a85-a6e23a8c635c;.NET 8.0;False;True;False;True;Default;Default;False;False;False;Default;Default;Default;Default;Default;Default;Default;Default;30;Default;Default;Default;Default;Default;Default;Default;Default;16;Default;316;837.2 μs;11.58 μs;17.33 μs;837.9 μs;-31%;2.7%;83.9844;0.0000;0.0000;173.77 KB;-55%
EfQuery;Job-ONBNTV;False;Default;Default;Default;Default;Default;Default;11111111;Empty;RyuJit;Default;X64;8c5e7fda-e8bf-4a96-9a85-a6e23a8c635c;.NET 8.0;False;True;False;True;Default;Default;False;False;False;Default;Default;Default;Default;Default;Default;Default;Default;30;Default;Default;Default;Default;Default;Default;Default;Default;16;Default;316;"1,212.1 μs";15.06 μs;22.54 μs;"1,207.5 μs";baseline;;144.5313;39.0625;0.0000;382.75 KB;
EfQueryAsNoTracking;Job-ONBNTV;False;Default;Default;Default;Default;Default;Default;11111111;Empty;RyuJit;Default;X64;8c5e7fda-e8bf-4a96-9a85-a6e23a8c635c;.NET 8.0;False;True;False;True;Default;Default;False;False;False;Default;Default;Default;Default;Default;Default;Default;Default;30;Default;Default;Default;Default;Default;Default;Default;Default;16;Default;352;920.0 μs;10.76 μs;15.77 μs;917.6 μs;-33%;3.6%;89.8438;0.0000;0.0000;186.41 KB;-55%
EfQuery;Job-ONBNTV;False;Default;Default;Default;Default;Default;Default;11111111;Empty;RyuJit;Default;X64;8c5e7fda-e8bf-4a96-9a85-a6e23a8c635c;.NET 8.0;False;True;False;True;Default;Default;False;False;False;Default;Default;Default;Default;Default;Default;Default;Default;30;Default;Default;Default;Default;Default;Default;Default;Default;16;Default;352;"1,367.9 μs";30.19 μs;45.19 μs;"1,366.6 μs";baseline;;160.1563;35.1563;0.0000;414.29 KB;
EfQueryAsNoTracking;Job-ONBNTV;False;Default;Default;Default;Default;Default;Default;11111111;Empty;RyuJit;Default;X64;8c5e7fda-e8bf-4a96-9a85-a6e23a8c635c;.NET 8.0;False;True;False;True;Default;Default;False;False;False;Default;Default;Default;Default;Default;Default;Default;Default;30;Default;Default;Default;Default;Default;Default;Default;Default;16;Default;388;972.0 μs;19.18 μs;28.71 μs;963.6 μs;-33%;3.5%;93.7500;0.0000;0.0000;199.12 KB;-55%
EfQuery;Job-ONBNTV;False;Default;Default;Default;Default;Default;Default;11111111;Empty;RyuJit;Default;X64;8c5e7fda-e8bf-4a96-9a85-a6e23a8c635c;.NET 8.0;False;True;False;True;Default;Default;False;False;False;Default;Default;Default;Default;Default;Default;Default;Default;30;Default;Default;Default;Default;Default;Default;Default;Default;16;Default;388;"1,461.0 μs";19.82 μs;29.67 μs;"1,457.1 μs";baseline;;169.9219;42.9688;0.0000;445.83 KB;
EfQueryAsNoTracking;Job-ONBNTV;False;Default;Default;Default;Default;Default;Default;11111111;Empty;RyuJit;Default;X64;8c5e7fda-e8bf-4a96-9a85-a6e23a8c635c;.NET 8.0;False;True;False;True;Default;Default;False;False;False;Default;Default;Default;Default;Default;Default;Default;Default;30;Default;Default;Default;Default;Default;Default;Default;Default;16;Default;424;"1,041.6 μs";13.41 μs;20.07 μs;"1,043.5 μs";-32%;2.3%;103.5156;0.0000;0.0000;211.78 KB;-56%
EfQuery;Job-ONBNTV;False;Default;Default;Default;Default;Default;Default;11111111;Empty;RyuJit;Default;X64;8c5e7fda-e8bf-4a96-9a85-a6e23a8c635c;.NET 8.0;False;True;False;True;Default;Default;False;False;False;Default;Default;Default;Default;Default;Default;Default;Default;30;Default;Default;Default;Default;Default;Default;Default;Default;16;Default;424;"1,529.5 μs";13.05 μs;18.71 μs;"1,535.0 μs";baseline;;169.9219;54.6875;0.0000;477.32 KB;
EfQueryAsNoTracking;Job-ONBNTV;False;Default;Default;Default;Default;Default;Default;11111111;Empty;RyuJit;Default;X64;8c5e7fda-e8bf-4a96-9a85-a6e23a8c635c;.NET 8.0;False;True;False;True;Default;Default;False;False;False;Default;Default;Default;Default;Default;Default;Default;Default;30;Default;Default;Default;Default;Default;Default;Default;Default;16;Default;460;"1,155.4 μs";25.46 μs;36.52 μs;"1,157.0 μs";-33%;3.7%;109.3750;0.0000;0.0000;224.47 KB;-60%
EfQuery;Job-ONBNTV;False;Default;Default;Default;Default;Default;Default;11111111;Empty;RyuJit;Default;X64;8c5e7fda-e8bf-4a96-9a85-a6e23a8c635c;.NET 8.0;False;True;False;True;Default;Default;False;False;False;Default;Default;Default;Default;Default;Default;Default;Default;30;Default;Default;Default;Default;Default;Default;Default;Default;16;Default;460;"1,730.9 μs";24.08 μs;35.29 μs;"1,729.6 μs";baseline;;179.6875;58.5938;0.0000;559.15 KB;
EfQueryAsNoTracking;Job-ONBNTV;False;Default;Default;Default;Default;Default;Default;11111111;Empty;RyuJit;Default;X64;8c5e7fda-e8bf-4a96-9a85-a6e23a8c635c;.NET 8.0;False;True;False;True;Default;Default;False;False;False;Default;Default;Default;Default;Default;Default;Default;Default;30;Default;Default;Default;Default;Default;Default;Default;Default;16;Default;496;"1,254.3 μs";19.22 μs;28.77 μs;"1,245.7 μs";-33%;3.2%;113.2813;0.0000;0.0000;237.1 KB;-60%
EfQuery;Job-ONBNTV;False;Default;Default;Default;Default;Default;Default;11111111;Empty;RyuJit;Default;X64;8c5e7fda-e8bf-4a96-9a85-a6e23a8c635c;.NET 8.0;False;True;False;True;Default;Default;False;False;False;Default;Default;Default;Default;Default;Default;Default;Default;30;Default;Default;Default;Default;Default;Default;Default;Default;16;Default;496;"1,869.2 μs";29.00 μs;43.41 μs;"1,866.9 μs";baseline;;199.2188;70.3125;0.0000;590.76 KB;
EfQueryAsNoTracking;Job-ONBNTV;False;Default;Default;Default;Default;Default;Default;11111111;Empty;RyuJit;Default;X64;8c5e7fda-e8bf-4a96-9a85-a6e23a8c635c;.NET 8.0;False;True;False;True;Default;Default;False;False;False;Default;Default;Default;Default;Default;Default;Default;Default;30;Default;Default;Default;Default;Default;Default;Default;Default;16;Default;532;"1,359.2 μs";32.18 μs;48.16 μs;"1,366.0 μs";-33%;4.5%;125.0000;0.0000;0.0000;257.84 KB;-59%
EfQuery;Job-ONBNTV;False;Default;Default;Default;Default;Default;Default;11111111;Empty;RyuJit;Default;X64;8c5e7fda-e8bf-4a96-9a85-a6e23a8c635c;.NET 8.0;False;True;False;True;Default;Default;False;False;False;Default;Default;Default;Default;Default;Default;Default;Default;30;Default;Default;Default;Default;Default;Default;Default;Default;16;Default;532;"2,034.4 μs";40.96 μs;60.04 μs;"2,022.6 μs";baseline;;191.4063;62.5000;0.0000;630.24 KB;
EfQueryAsNoTracking;Job-ONBNTV;False;Default;Default;Default;Default;Default;Default;11111111;Empty;RyuJit;Default;X64;8c5e7fda-e8bf-4a96-9a85-a6e23a8c635c;.NET 8.0;False;True;False;True;Default;Default;False;False;False;Default;Default;Default;Default;Default;Default;Default;Default;30;Default;Default;Default;Default;Default;Default;Default;Default;16;Default;568;"1,444.5 μs";34.99 μs;50.18 μs;"1,434.9 μs";-34%;4.8%;128.9063;0.0000;0.0000;270.49 KB;-59%
EfQuery;Job-ONBNTV;False;Default;Default;Default;Default;Default;Default;11111111;Empty;RyuJit;Default;X64;8c5e7fda-e8bf-4a96-9a85-a6e23a8c635c;.NET 8.0;False;True;False;True;Default;Default;False;False;False;Default;Default;Default;Default;Default;Default;Default;Default;30;Default;Default;Default;Default;Default;Default;Default;Default;16;Default;568;"2,184.7 μs";51.15 μs;74.98 μs;"2,197.0 μs";baseline;;210.9375;74.2188;0.0000;661.83 KB;
EfQueryAsNoTracking;Job-ONBNTV;False;Default;Default;Default;Default;Default;Default;11111111;Empty;RyuJit;Default;X64;8c5e7fda-e8bf-4a96-9a85-a6e23a8c635c;.NET 8.0;False;True;False;True;Default;Default;False;False;False;Default;Default;Default;Default;Default;Default;Default;Default;30;Default;Default;Default;Default;Default;Default;Default;Default;16;Default;604;"1,456.7 μs";12.69 μs;16.95 μs;"1,453.3 μs";-36%;3.6%;136.7188;3.9063;0.0000;283.18 KB;-59%
EfQuery;Job-ONBNTV;False;Default;Default;Default;Default;Default;Default;11111111;Empty;RyuJit;Default;X64;8c5e7fda-e8bf-4a96-9a85-a6e23a8c635c;.NET 8.0;False;True;False;True;Default;Default;False;False;False;Default;Default;Default;Default;Default;Default;Default;Default;30;Default;Default;Default;Default;Default;Default;Default;Default;16;Default;604;"2,275.0 μs";53.33 μs;79.82 μs;"2,275.5 μs";baseline;;214.8438;74.2188;0.0000;693.32 KB;
EfQueryAsNoTracking;Job-ONBNTV;False;Default;Default;Default;Default;Default;Default;11111111;Empty;RyuJit;Default;X64;8c5e7fda-e8bf-4a96-9a85-a6e23a8c635c;.NET 8.0;False;True;False;True;Default;Default;False;False;False;Default;Default;Default;Default;Default;Default;Default;Default;30;Default;Default;Default;Default;Default;Default;Default;Default;16;Default;640;"1,625.7 μs";37.98 μs;55.68 μs;"1,625.8 μs";-37%;6.5%;144.5313;0.0000;0.0000;295.84 KB;-59%
EfQuery;Job-ONBNTV;False;Default;Default;Default;Default;Default;Default;11111111;Empty;RyuJit;Default;X64;8c5e7fda-e8bf-4a96-9a85-a6e23a8c635c;.NET 8.0;False;True;False;True;Default;Default;False;False;False;Default;Default;Default;Default;Default;Default;Default;Default;30;Default;Default;Default;Default;Default;Default;Default;Default;16;Default;640;"2,585.4 μs";100.79 μs;150.86 μs;"2,558.7 μs";baseline;;214.8438;70.3125;0.0000;724.84 KB;
EfQueryAsNoTracking;Job-ONBNTV;False;Default;Default;Default;Default;Default;Default;11111111;Empty;RyuJit;Default;X64;8c5e7fda-e8bf-4a96-9a85-a6e23a8c635c;.NET 8.0;False;True;False;True;Default;Default;False;False;False;Default;Default;Default;Default;Default;Default;Default;Default;30;Default;Default;Default;Default;Default;Default;Default;Default;16;Default;676;"1,645.4 μs";112.88 μs;168.96 μs;"1,602.2 μs";-28%;10.7%;140.6250;23.4375;0.0000;308.43 KB;-59%
EfQuery;Job-ONBNTV;False;Default;Default;Default;Default;Default;Default;11111111;Empty;RyuJit;Default;X64;8c5e7fda-e8bf-4a96-9a85-a6e23a8c635c;.NET 8.0;False;True;False;True;Default;Default;False;False;False;Default;Default;Default;Default;Default;Default;Default;Default;30;Default;Default;Default;Default;Default;Default;Default;Default;16;Default;676;"2,296.9 μs";59.18 μs;82.96 μs;"2,280.0 μs";baseline;;218.7500;85.9375;0.0000;756.31 KB;
EfQueryAsNoTracking;Job-ONBNTV;False;Default;Default;Default;Default;Default;Default;11111111;Empty;RyuJit;Default;X64;8c5e7fda-e8bf-4a96-9a85-a6e23a8c635c;.NET 8.0;False;True;False;True;Default;Default;False;False;False;Default;Default;Default;Default;Default;Default;Default;Default;30;Default;Default;Default;Default;Default;Default;Default;Default;16;Default;712;"1,514.2 μs";13.12 μs;17.52 μs;"1,509.6 μs";-36%;8.6%;156.2500;0.0000;0.0000;321.2 KB;-59%
EfQuery;Job-ONBNTV;False;Default;Default;Default;Default;Default;Default;11111111;Empty;RyuJit;Default;X64;8c5e7fda-e8bf-4a96-9a85-a6e23a8c635c;.NET 8.0;False;True;False;True;Default;Default;False;False;False;Default;Default;Default;Default;Default;Default;Default;Default;30;Default;Default;Default;Default;Default;Default;Default;Default;16;Default;712;"2,382.2 μs";176.32 μs;222.98 μs;"2,335.2 μs";baseline;;226.5625;89.8438;0.0000;787.82 KB;
EfQueryAsNoTracking;Job-ONBNTV;False;Default;Default;Default;Default;Default;Default;11111111;Empty;RyuJit;Default;X64;8c5e7fda-e8bf-4a96-9a85-a6e23a8c635c;.NET 8.0;False;True;False;True;Default;Default;False;False;False;Default;Default;Default;Default;Default;Default;Default;Default;30;Default;Default;Default;Default;Default;Default;Default;Default;16;Default;748;"1,484.8 μs";9.71 μs;13.92 μs;"1,481.3 μs";-66%;62.7%;160.1563;3.9063;0.0000;333.85 KB;-59%
EfQuery;Job-ONBNTV;False;Default;Default;Default;Default;Default;Default;11111111;Empty;RyuJit;Default;X64;8c5e7fda-e8bf-4a96-9a85-a6e23a8c635c;.NET 8.0;False;True;False;True;Default;Default;False;False;False;Default;Default;Default;Default;Default;Default;Default;Default;30;Default;Default;Default;Default;Default;Default;Default;Default;16;Default;748;"6,363.1 μs";"2,343.77 μs";"3,508.05 μs";"7,521.4 μs";baseline;;214.8438;85.9375;0.0000;819.27 KB;
EfQueryAsNoTracking;Job-ONBNTV;False;Default;Default;Default;Default;Default;Default;11111111;Empty;RyuJit;Default;X64;8c5e7fda-e8bf-4a96-9a85-a6e23a8c635c;.NET 8.0;False;True;False;True;Default;Default;False;False;False;Default;Default;Default;Default;Default;Default;Default;Default;30;Default;Default;Default;Default;Default;Default;Default;Default;16;Default;784;"1,446.3 μs";4.96 μs;6.62 μs;"1,445.8 μs";-36%;1.3%;167.9688;0.0000;0.0000;346.55 KB;-59%
EfQuery;Job-ONBNTV;False;Default;Default;Default;Default;Default;Default;11111111;Empty;RyuJit;Default;X64;8c5e7fda-e8bf-4a96-9a85-a6e23a8c635c;.NET 8.0;False;True;False;True;Default;Default;False;False;False;Default;Default;Default;Default;Default;Default;Default;Default;30;Default;Default;Default;Default;Default;Default;Default;Default;16;Default;784;"2,249.3 μs";17.86 μs;26.73 μs;"2,252.8 μs";baseline;;214.8438;93.7500;0.0000;850.79 KB;
EfQueryAsNoTracking;Job-ONBNTV;False;Default;Default;Default;Default;Default;Default;11111111;Empty;RyuJit;Default;X64;8c5e7fda-e8bf-4a96-9a85-a6e23a8c635c;.NET 8.0;False;True;False;True;Default;Default;False;False;False;Default;Default;Default;Default;Default;Default;Default;Default;30;Default;Default;Default;Default;Default;Default;Default;Default;16;Default;820;"1,514.5 μs";6.47 μs;8.41 μs;"1,514.0 μs";-35%;1.2%;171.8750;3.9063;0.0000;359.2 KB;-59%
EfQuery;Job-ONBNTV;False;Default;Default;Default;Default;Default;Default;11111111;Empty;RyuJit;Default;X64;8c5e7fda-e8bf-4a96-9a85-a6e23a8c635c;.NET 8.0;False;True;False;True;Default;Default;False;False;False;Default;Default;Default;Default;Default;Default;Default;Default;30;Default;Default;Default;Default;Default;Default;Default;Default;16;Default;820;"2,319.6 μs";17.73 μs;25.98 μs;"2,314.3 μs";baseline;;226.5625;121.0938;0.0000;882.35 KB;
EfQueryAsNoTracking;Job-ONBNTV;False;Default;Default;Default;Default;Default;Default;11111111;Empty;RyuJit;Default;X64;8c5e7fda-e8bf-4a96-9a85-a6e23a8c635c;.NET 8.0;False;True;False;True;Default;Default;False;False;False;Default;Default;Default;Default;Default;Default;Default;Default;30;Default;Default;Default;Default;Default;Default;Default;Default;16;Default;856;"1,542.5 μs";5.13 μs;7.19 μs;"1,541.4 μs";-36%;1.1%;179.6875;0.0000;0.0000;371.88 KB;-59%
EfQuery;Job-ONBNTV;False;Default;Default;Default;Default;Default;Default;11111111;Empty;RyuJit;Default;X64;8c5e7fda-e8bf-4a96-9a85-a6e23a8c635c;.NET 8.0;False;True;False;True;Default;Default;False;False;False;Default;Default;Default;Default;Default;Default;Default;Default;30;Default;Default;Default;Default;Default;Default;Default;Default;16;Default;856;"2,423.0 μs";17.64 μs;25.31 μs;"2,420.0 μs";baseline;;242.1875;101.5625;0.0000;913.87 KB;
EfQueryAsNoTracking;Job-ONBNTV;False;Default;Default;Default;Default;Default;Default;11111111;Empty;RyuJit;Default;X64;8c5e7fda-e8bf-4a96-9a85-a6e23a8c635c;.NET 8.0;False;True;False;True;Default;Default;False;False;False;Default;Default;Default;Default;Default;Default;Default;Default;30;Default;Default;Default;Default;Default;Default;Default;Default;16;Default;892;"1,580.9 μs";20.13 μs;26.87 μs;"1,570.8 μs";-37%;1.8%;179.6875;7.8125;0.0000;384.57 KB;-59%
EfQuery;Job-ONBNTV;False;Default;Default;Default;Default;Default;Default;11111111;Empty;RyuJit;Default;X64;8c5e7fda-e8bf-4a96-9a85-a6e23a8c635c;.NET 8.0;False;True;False;True;Default;Default;False;False;False;Default;Default;Default;Default;Default;Default;Default;Default;30;Default;Default;Default;Default;Default;Default;Default;Default;16;Default;892;"2,501.1 μs";11.65 μs;17.08 μs;"2,499.5 μs";baseline;;242.1875;105.4688;0.0000;945.39 KB;
EfQueryAsNoTracking;Job-ONBNTV;False;Default;Default;Default;Default;Default;Default;11111111;Empty;RyuJit;Default;X64;8c5e7fda-e8bf-4a96-9a85-a6e23a8c635c;.NET 8.0;False;True;False;True;Default;Default;False;False;False;Default;Default;Default;Default;Default;Default;Default;Default;30;Default;Default;Default;Default;Default;Default;Default;Default;16;Default;928;"1,623.0 μs";7.68 μs;11.01 μs;"1,620.5 μs";-37%;1.1%;191.4063;3.9063;0.0000;397.22 KB;-63%
EfQuery;Job-ONBNTV;False;Default;Default;Default;Default;Default;Default;11111111;Empty;RyuJit;Default;X64;8c5e7fda-e8bf-4a96-9a85-a6e23a8c635c;.NET 8.0;False;True;False;True;Default;Default;False;False;False;Default;Default;Default;Default;Default;Default;Default;Default;30;Default;Default;Default;Default;Default;Default;Default;Default;16;Default;928;"2,578.4 μs";15.04 μs;22.04 μs;"2,581.9 μs";baseline;;261.7188;125.0000;0.0000;1082.64 KB;
EfQueryAsNoTracking;Job-ONBNTV;False;Default;Default;Default;Default;Default;Default;11111111;Empty;RyuJit;Default;X64;8c5e7fda-e8bf-4a96-9a85-a6e23a8c635c;.NET 8.0;False;True;False;True;Default;Default;False;False;False;Default;Default;Default;Default;Default;Default;Default;Default;30;Default;Default;Default;Default;Default;Default;Default;Default;16;Default;964;"1,719.3 μs";10.35 μs;14.51 μs;"1,714.9 μs";-37%;1.3%;199.2188;0.0000;0.0000;409.89 KB;-63%
EfQuery;Job-ONBNTV;False;Default;Default;Default;Default;Default;Default;11111111;Empty;RyuJit;Default;X64;8c5e7fda-e8bf-4a96-9a85-a6e23a8c635c;.NET 8.0;False;True;False;True;Default;Default;False;False;False;Default;Default;Default;Default;Default;Default;Default;Default;30;Default;Default;Default;Default;Default;Default;Default;Default;16;Default;964;"2,740.0 μs";19.41 μs;28.45 μs;"2,737.2 μs";baseline;;289.0625;121.0938;0.0000;1114.19 KB;
EfQueryAsNoTracking;Job-ONBNTV;False;Default;Default;Default;Default;Default;Default;11111111;Empty;RyuJit;Default;X64;8c5e7fda-e8bf-4a96-9a85-a6e23a8c635c;.NET 8.0;False;True;False;True;Default;Default;False;False;False;Default;Default;Default;Default;Default;Default;Default;Default;30;Default;Default;Default;Default;Default;Default;Default;Default;16;Default;1000;"1,766.3 μs";4.16 μs;6.09 μs;"1,766.2 μs";-37%;0.7%;199.2188;7.8125;0.0000;422.55 KB;-63%
EfQuery;Job-ONBNTV;False;Default;Default;Default;Default;Default;Default;11111111;Empty;RyuJit;Default;X64;8c5e7fda-e8bf-4a96-9a85-a6e23a8c635c;.NET 8.0;False;True;False;True;Default;Default;False;False;False;Default;Default;Default;Default;Default;Default;Default;Default;30;Default;Default;Default;Default;Default;Default;Default;Default;16;Default;1000;"2,811.0 μs";12.75 μs;19.09 μs;"2,807.7 μs";baseline;;312.5000;117.1875;0.0000;1145.78 KB;
EfQueryAsNoTracking;Job-ONBNTV;False;Default;Default;Default;Default;Default;Default;11111111;Empty;RyuJit;Default;X64;8c5e7fda-e8bf-4a96-9a85-a6e23a8c635c;.NET 8.0;False;True;False;True;Default;Default;False;False;False;Default;Default;Default;Default;Default;Default;Default;Default;30;Default;Default;Default;Default;Default;Default;Default;Default;16;Default;1360;"2,334.7 μs";9.85 μs;14.74 μs;"2,333.5 μs";-37%;1.2%;226.5625;42.9688;0.0000;565.16 KB;-62%
EfQuery;Job-ONBNTV;False;Default;Default;Default;Default;Default;Default;11111111;Empty;RyuJit;Default;X64;8c5e7fda-e8bf-4a96-9a85-a6e23a8c635c;.NET 8.0;False;True;False;True;Default;Default;False;False;False;Default;Default;Default;Default;Default;Default;Default;Default;30;Default;Default;Default;Default;Default;Default;Default;Default;16;Default;1360;"3,695.4 μs";24.50 μs;36.66 μs;"3,693.5 μs";baseline;;328.1250;179.6875;0.0000;1476.82 KB;
EfQueryAsNoTracking;Job-ONBNTV;False;Default;Default;Default;Default;Default;Default;11111111;Empty;RyuJit;Default;X64;8c5e7fda-e8bf-4a96-9a85-a6e23a8c635c;.NET 8.0;False;True;False;True;Default;Default;False;False;False;Default;Default;Default;Default;Default;Default;Default;Default;30;Default;Default;Default;Default;Default;Default;Default;Default;16;Default;1720;"2,908.4 μs";12.51 μs;17.54 μs;"2,901.6 μs";-39%;1.0%;285.1563;42.9688;0.0000;691.88 KB;-61%
EfQuery;Job-ONBNTV;False;Default;Default;Default;Default;Default;Default;11111111;Empty;RyuJit;Default;X64;8c5e7fda-e8bf-4a96-9a85-a6e23a8c635c;.NET 8.0;False;True;False;True;Default;Default;False;False;False;Default;Default;Default;Default;Default;Default;Default;Default;30;Default;Default;Default;Default;Default;Default;Default;Default;16;Default;1720;"4,737.0 μs";28.55 μs;41.85 μs;"4,732.4 μs";baseline;;398.4375;218.7500;0.0000;1792.11 KB;
EfQueryAsNoTracking;Job-ONBNTV;False;Default;Default;Default;Default;Default;Default;11111111;Empty;RyuJit;Default;X64;8c5e7fda-e8bf-4a96-9a85-a6e23a8c635c;.NET 8.0;False;True;False;True;Default;Default;False;False;False;Default;Default;Default;Default;Default;Default;Default;Default;30;Default;Default;Default;Default;Default;Default;Default;Default;16;Default;2080;"3,570.5 μs";33.89 μs;49.68 μs;"3,574.1 μs";-60%;3.7%;265.6250;78.1250;0.0000;850.5 KB;-64%
EfQuery;Job-ONBNTV;False;Default;Default;Default;Default;Default;Default;11111111;Empty;RyuJit;Default;X64;8c5e7fda-e8bf-4a96-9a85-a6e23a8c635c;.NET 8.0;False;True;False;True;Default;Default;False;False;False;Default;Default;Default;Default;Default;Default;Default;Default;30;Default;Default;Default;Default;Default;Default;Default;Default;16;Default;2080;"8,993.6 μs";210.98 μs;309.26 μs;"8,963.7 μs";baseline;;390.6250;171.8750;46.8750;2360.71 KB;
EfQueryAsNoTracking;Job-ONBNTV;False;Default;Default;Default;Default;Default;Default;11111111;Empty;RyuJit;Default;X64;8c5e7fda-e8bf-4a96-9a85-a6e23a8c635c;.NET 8.0;False;True;False;True;Default;Default;False;False;False;Default;Default;Default;Default;Default;Default;Default;Default;30;Default;Default;Default;Default;Default;Default;Default;Default;16;Default;2440;"4,067.2 μs";22.62 μs;33.16 μs;"4,065.8 μs";-62%;3.5%;296.8750;101.5625;0.0000;976.99 KB;-63%
EfQuery;Job-ONBNTV;False;Default;Default;Default;Default;Default;Default;11111111;Empty;RyuJit;Default;X64;8c5e7fda-e8bf-4a96-9a85-a6e23a8c635c;.NET 8.0;False;True;False;True;Default;Default;False;False;False;Default;Default;Default;Default;Default;Default;Default;Default;30;Default;Default;Default;Default;Default;Default;Default;Default;16;Default;2440;"10,757.4 μs";247.51 μs;370.46 μs;"10,736.6 μs";baseline;;453.1250;203.1250;46.8750;2675.8 KB;
EfQueryAsNoTracking;Job-ONBNTV;False;Default;Default;Default;Default;Default;Default;11111111;Empty;RyuJit;Default;X64;8c5e7fda-e8bf-4a96-9a85-a6e23a8c635c;.NET 8.0;False;True;False;True;Default;Default;False;False;False;Default;Default;Default;Default;Default;Default;Default;Default;30;Default;Default;Default;Default;Default;Default;Default;Default;16;Default;2800;"4,675.8 μs";41.56 μs;60.92 μs;"4,671.0 μs";-61%;4.2%;296.8750;125.0000;0.0000;1103.55 KB;-63%
EfQuery;Job-ONBNTV;False;Default;Default;Default;Default;Default;Default;11111111;Empty;RyuJit;Default;X64;8c5e7fda-e8bf-4a96-9a85-a6e23a8c635c;.NET 8.0;False;True;False;True;Default;Default;False;False;False;Default;Default;Default;Default;Default;Default;Default;Default;30;Default;Default;Default;Default;Default;Default;Default;Default;16;Default;2800;"12,109.5 μs";342.17 μs;512.15 μs;"11,980.8 μs";baseline;;500.0000;203.1250;46.8750;2990.81 KB;
EfQueryAsNoTracking;Job-ONBNTV;False;Default;Default;Default;Default;Default;Default;11111111;Empty;RyuJit;Default;X64;8c5e7fda-e8bf-4a96-9a85-a6e23a8c635c;.NET 8.0;False;True;False;True;Default;Default;False;False;False;Default;Default;Default;Default;Default;Default;Default;Default;30;Default;Default;Default;Default;Default;Default;Default;Default;16;Default;3160;"5,199.5 μs";32.02 μs;44.89 μs;"5,207.9 μs";-63%;2.8%;281.2500;140.6250;0.0000;1230.13 KB;-63%
EfQuery;Job-ONBNTV;False;Default;Default;Default;Default;Default;Default;11111111;Empty;RyuJit;Default;X64;8c5e7fda-e8bf-4a96-9a85-a6e23a8c635c;.NET 8.0;False;True;False;True;Default;Default;False;False;False;Default;Default;Default;Default;Default;Default;Default;Default;30;Default;Default;Default;Default;Default;Default;Default;Default;16;Default;3160;"13,897.1 μs";253.95 μs;372.24 μs;"13,959.8 μs";baseline;;562.5000;250.0000;62.5000;3305.95 KB;
EfQueryAsNoTracking;Job-ONBNTV;False;Default;Default;Default;Default;Default;Default;11111111;Empty;RyuJit;Default;X64;8c5e7fda-e8bf-4a96-9a85-a6e23a8c635c;.NET 8.0;False;True;False;True;Default;Default;False;False;False;Default;Default;Default;Default;Default;Default;Default;Default;30;Default;Default;Default;Default;Default;Default;Default;Default;16;Default;3520;"5,896.7 μs";31.93 μs;47.79 μs;"5,892.0 μs";-62%;4.7%;320.3125;171.8750;0.0000;1356.76 KB;-63%
EfQuery;Job-ONBNTV;False;Default;Default;Default;Default;Default;Default;11111111;Empty;RyuJit;Default;X64;8c5e7fda-e8bf-4a96-9a85-a6e23a8c635c;.NET 8.0;False;True;False;True;Default;Default;False;False;False;Default;Default;Default;Default;Default;Default;Default;Default;30;Default;Default;Default;Default;Default;Default;Default;Default;16;Default;3520;"15,743.9 μs";488.71 μs;731.48 μs;"15,867.0 μs";baseline;;625.0000;250.0000;62.5000;3620.97 KB;
EfQueryAsNoTracking;Job-ONBNTV;False;Default;Default;Default;Default;Default;Default;11111111;Empty;RyuJit;Default;X64;8c5e7fda-e8bf-4a96-9a85-a6e23a8c635c;.NET 8.0;False;True;False;True;Default;Default;False;False;False;Default;Default;Default;Default;Default;Default;Default;Default;30;Default;Default;Default;Default;Default;Default;Default;Default;16;Default;3880;"6,405.8 μs";30.39 μs;45.48 μs;"6,404.9 μs";-61%;3.5%;328.1250;171.8750;0.0000;1483.33 KB;-62%
EfQuery;Job-ONBNTV;False;Default;Default;Default;Default;Default;Default;11111111;Empty;RyuJit;Default;X64;8c5e7fda-e8bf-4a96-9a85-a6e23a8c635c;.NET 8.0;False;True;False;True;Default;Default;False;False;False;Default;Default;Default;Default;Default;Default;Default;Default;30;Default;Default;Default;Default;Default;Default;Default;Default;16;Default;3880;"16,576.5 μs";397.57 μs;582.75 μs;"16,501.3 μs";baseline;;656.2500;281.2500;62.5000;3936.33 KB;
EfQueryAsNoTracking;Job-ONBNTV;False;Default;Default;Default;Default;Default;Default;11111111;Empty;RyuJit;Default;X64;8c5e7fda-e8bf-4a96-9a85-a6e23a8c635c;.NET 8.0;False;True;False;True;Default;Default;False;False;False;Default;Default;Default;Default;Default;Default;Default;Default;30;Default;Default;Default;Default;Default;Default;Default;Default;16;Default;4240;"6,937.3 μs";28.21 μs;38.62 μs;"6,934.4 μs";-64%;3.5%;390.6250;171.8750;0.0000;1674.11 KB;-65%
EfQuery;Job-ONBNTV;False;Default;Default;Default;Default;Default;Default;11111111;Empty;RyuJit;Default;X64;8c5e7fda-e8bf-4a96-9a85-a6e23a8c635c;.NET 8.0;False;True;False;True;Default;Default;False;False;False;Default;Default;Default;Default;Default;Default;Default;Default;30;Default;Default;Default;Default;Default;Default;Default;Default;16;Default;4240;"19,396.1 μs";459.04 μs;687.06 μs;"19,317.2 μs";baseline;;781.2500;437.5000;93.7500;4776.07 KB;
EfQueryAsNoTracking;Job-ONBNTV;False;Default;Default;Default;Default;Default;Default;11111111;Empty;RyuJit;Default;X64;8c5e7fda-e8bf-4a96-9a85-a6e23a8c635c;.NET 8.0;False;True;False;True;Default;Default;False;False;False;Default;Default;Default;Default;Default;Default;Default;Default;30;Default;Default;Default;Default;Default;Default;Default;Default;16;Default;4600;"7,620.0 μs";74.91 μs;109.81 μs;"7,620.0 μs";-64%;3.2%;421.8750;187.5000;0.0000;1800.71 KB;-65%
EfQuery;Job-ONBNTV;False;Default;Default;Default;Default;Default;Default;11111111;Empty;RyuJit;Default;X64;8c5e7fda-e8bf-4a96-9a85-a6e23a8c635c;.NET 8.0;False;True;False;True;Default;Default;False;False;False;Default;Default;Default;Default;Default;Default;Default;Default;30;Default;Default;Default;Default;Default;Default;Default;Default;16;Default;4600;"21,076.2 μs";411.58 μs;616.03 μs;"21,075.9 μs";baseline;;812.5000;312.5000;93.7500;5091.02 KB;
EfQueryAsNoTracking;Job-ONBNTV;False;Default;Default;Default;Default;Default;Default;11111111;Empty;RyuJit;Default;X64;8c5e7fda-e8bf-4a96-9a85-a6e23a8c635c;.NET 8.0;False;True;False;True;Default;Default;False;False;False;Default;Default;Default;Default;Default;Default;Default;Default;30;Default;Default;Default;Default;Default;Default;Default;Default;16;Default;4960;"8,185.0 μs";37.38 μs;54.79 μs;"8,175.4 μs";-62%;2.9%;453.1250;250.0000;0.0000;1927.28 KB;-64%
EfQuery;Job-ONBNTV;False;Default;Default;Default;Default;Default;Default;11111111;Empty;RyuJit;Default;X64;8c5e7fda-e8bf-4a96-9a85-a6e23a8c635c;.NET 8.0;False;True;False;True;Default;Default;False;False;False;Default;Default;Default;Default;Default;Default;Default;Default;30;Default;Default;Default;Default;Default;Default;Default;Default;16;Default;4960;"21,748.4 μs";414.33 μs;607.31 μs;"21,863.9 μs";baseline;;875.0000;343.7500;93.7500;5406.32 KB;
EfQueryAsNoTracking;Job-ONBNTV;False;Default;Default;Default;Default;Default;Default;11111111;Empty;RyuJit;Default;X64;8c5e7fda-e8bf-4a96-9a85-a6e23a8c635c;.NET 8.0;False;True;False;True;Default;Default;False;False;False;Default;Default;Default;Default;Default;Default;Default;Default;30;Default;Default;Default;Default;Default;Default;Default;Default;16;Default;5320;"8,623.9 μs";68.13 μs;101.98 μs;"8,637.5 μs";-64%;3.4%;328.1250;312.5000;0.0000;2053.45 KB;-64%
EfQuery;Job-ONBNTV;False;Default;Default;Default;Default;Default;Default;11111111;Empty;RyuJit;Default;X64;8c5e7fda-e8bf-4a96-9a85-a6e23a8c635c;.NET 8.0;False;True;False;True;Default;Default;False;False;False;Default;Default;Default;Default;Default;Default;Default;Default;30;Default;Default;Default;Default;Default;Default;Default;Default;16;Default;5320;"23,811.4 μs";521.03 μs;763.72 μs;"23,818.6 μs";baseline;;906.2500;343.7500;62.5000;5721.49 KB;
EfQueryAsNoTracking;Job-ONBNTV;False;Default;Default;Default;Default;Default;Default;11111111;Empty;RyuJit;Default;X64;8c5e7fda-e8bf-4a96-9a85-a6e23a8c635c;.NET 8.0;False;True;False;True;Default;Default;False;False;False;Default;Default;Default;Default;Default;Default;Default;Default;30;Default;Default;Default;Default;Default;Default;Default;Default;16;Default;5680;"9,423.4 μs";103.45 μs;134.51 μs;"9,400.2 μs";-62%;3.4%;453.1250;312.5000;0.0000;2180.3 KB;-64%
EfQuery;Job-ONBNTV;False;Default;Default;Default;Default;Default;Default;11111111;Empty;RyuJit;Default;X64;8c5e7fda-e8bf-4a96-9a85-a6e23a8c635c;.NET 8.0;False;True;False;True;Default;Default;False;False;False;Default;Default;Default;Default;Default;Default;Default;Default;30;Default;Default;Default;Default;Default;Default;Default;Default;16;Default;5680;"24,988.6 μs";521.57 μs;780.67 μs;"25,003.2 μs";baseline;;968.7500;312.5000;93.7500;6036.29 KB;
EfQueryAsNoTracking;Job-ONBNTV;False;Default;Default;Default;Default;Default;Default;11111111;Empty;RyuJit;Default;X64;8c5e7fda-e8bf-4a96-9a85-a6e23a8c635c;.NET 8.0;False;True;False;True;Default;Default;False;False;False;Default;Default;Default;Default;Default;Default;Default;Default;30;Default;Default;Default;Default;Default;Default;Default;Default;16;Default;6040;"10,067.7 μs";38.86 μs;56.96 μs;"10,061.4 μs";-63%;2.1%;500.0000;312.5000;0.0000;2306.91 KB;-64%
EfQuery;Job-ONBNTV;False;Default;Default;Default;Default;Default;Default;11111111;Empty;RyuJit;Default;X64;8c5e7fda-e8bf-4a96-9a85-a6e23a8c635c;.NET 8.0;False;True;False;True;Default;Default;False;False;False;Default;Default;Default;Default;Default;Default;Default;Default;30;Default;Default;Default;Default;Default;Default;Default;Default;16;Default;6040;"27,099.7 μs";391.72 μs;561.79 μs;"27,101.0 μs";baseline;;1031.2500;375.0000;93.7500;6351.41 KB;
EfQueryAsNoTracking;Job-ONBNTV;False;Default;Default;Default;Default;Default;Default;11111111;Empty;RyuJit;Default;X64;8c5e7fda-e8bf-4a96-9a85-a6e23a8c635c;.NET 8.0;False;True;False;True;Default;Default;False;False;False;Default;Default;Default;Default;Default;Default;Default;Default;30;Default;Default;Default;Default;Default;Default;Default;Default;16;Default;6400;"10,731.1 μs";31.38 μs;45.00 μs;"10,726.1 μs";-62%;3.3%;531.2500;343.7500;0.0000;2433.49 KB;-63%
EfQuery;Job-ONBNTV;False;Default;Default;Default;Default;Default;Default;11111111;Empty;RyuJit;Default;X64;8c5e7fda-e8bf-4a96-9a85-a6e23a8c635c;.NET 8.0;False;True;False;True;Default;Default;False;False;False;Default;Default;Default;Default;Default;Default;Default;Default;30;Default;Default;Default;Default;Default;Default;Default;Default;16;Default;6400;"28,094.1 μs";648.20 μs;950.13 μs;"27,927.6 μs";baseline;;1093.7500;343.7500;93.7500;6666.88 KB;
EfQueryAsNoTracking;Job-ONBNTV;False;Default;Default;Default;Default;Default;Default;11111111;Empty;RyuJit;Default;X64;8c5e7fda-e8bf-4a96-9a85-a6e23a8c635c;.NET 8.0;False;True;False;True;Default;Default;False;False;False;Default;Default;Default;Default;Default;Default;Default;Default;30;Default;Default;Default;Default;Default;Default;Default;Default;16;Default;6760;"11,240.3 μs";98.60 μs;141.41 μs;"11,196.6 μs";-63%;2.6%;593.7500;328.1250;0.0000;2560.08 KB;-63%
EfQuery;Job-ONBNTV;False;Default;Default;Default;Default;Default;Default;11111111;Empty;RyuJit;Default;X64;8c5e7fda-e8bf-4a96-9a85-a6e23a8c635c;.NET 8.0;False;True;False;True;Default;Default;False;False;False;Default;Default;Default;Default;Default;Default;Default;Default;30;Default;Default;Default;Default;Default;Default;Default;Default;16;Default;6760;"30,164.4 μs";468.03 μs;686.03 μs;"30,242.0 μs";baseline;;1125.0000;437.5000;93.7500;6981.78 KB;
EfQueryAsNoTracking;Job-ONBNTV;False;Default;Default;Default;Default;Default;Default;11111111;Empty;RyuJit;Default;X64;8c5e7fda-e8bf-4a96-9a85-a6e23a8c635c;.NET 8.0;False;True;False;True;Default;Default;False;False;False;Default;Default;Default;Default;Default;Default;Default;Default;30;Default;Default;Default;Default;Default;Default;Default;Default;16;Default;7120;"11,786.1 μs";56.20 μs;80.60 μs;"11,777.2 μs";-62%;2.8%;609.3750;328.1250;0.0000;2686.47 KB;-63%
EfQuery;Job-ONBNTV;False;Default;Default;Default;Default;Default;Default;11111111;Empty;RyuJit;Default;X64;8c5e7fda-e8bf-4a96-9a85-a6e23a8c635c;.NET 8.0;False;True;False;True;Default;Default;False;False;False;Default;Default;Default;Default;Default;Default;Default;Default;30;Default;Default;Default;Default;Default;Default;Default;Default;16;Default;7120;"31,307.6 μs";579.47 μs;867.33 μs;"31,191.2 μs";baseline;;1187.5000;406.2500;93.7500;7296.97 KB;
EfQueryAsNoTracking;Job-ONBNTV;False;Default;Default;Default;Default;Default;Default;11111111;Empty;RyuJit;Default;X64;8c5e7fda-e8bf-4a96-9a85-a6e23a8c635c;.NET 8.0;False;True;False;True;Default;Default;False;False;False;Default;Default;Default;Default;Default;Default;Default;Default;30;Default;Default;Default;Default;Default;Default;Default;Default;16;Default;7480;"12,730.6 μs";39.17 μs;57.41 μs;"12,738.8 μs";-60%;4.0%;625.0000;359.3750;0.0000;2812.77 KB;-63%
EfQuery;Job-ONBNTV;False;Default;Default;Default;Default;Default;Default;11111111;Empty;RyuJit;Default;X64;8c5e7fda-e8bf-4a96-9a85-a6e23a8c635c;.NET 8.0;False;True;False;True;Default;Default;False;False;False;Default;Default;Default;Default;Default;Default;Default;Default;30;Default;Default;Default;Default;Default;Default;Default;Default;16;Default;7480;"31,934.7 μs";860.32 μs;"1,287.69 μs";"31,857.9 μs";baseline;;1187.5000;375.0000;62.5000;7611.55 KB;
EfQueryAsNoTracking;Job-ONBNTV;False;Default;Default;Default;Default;Default;Default;11111111;Empty;RyuJit;Default;X64;8c5e7fda-e8bf-4a96-9a85-a6e23a8c635c;.NET 8.0;False;True;False;True;Default;Default;False;False;False;Default;Default;Default;Default;Default;Default;Default;Default;30;Default;Default;Default;Default;Default;Default;Default;Default;16;Default;7840;"13,203.3 μs";30.34 μs;41.53 μs;"13,191.2 μs";-61%;3.2%;562.5000;421.8750;0.0000;2939.64 KB;-63%
EfQuery;Job-ONBNTV;False;Default;Default;Default;Default;Default;Default;11111111;Empty;RyuJit;Default;X64;8c5e7fda-e8bf-4a96-9a85-a6e23a8c635c;.NET 8.0;False;True;False;True;Default;Default;False;False;False;Default;Default;Default;Default;Default;Default;Default;Default;30;Default;Default;Default;Default;Default;Default;Default;Default;16;Default;7840;"34,190.1 μs";752.19 μs;"1,125.85 μs";"33,929.9 μs";baseline;;1285.7143;500.0000;71.4286;7926.58 KB;
EfQueryAsNoTracking;Job-ONBNTV;False;Default;Default;Default;Default;Default;Default;11111111;Empty;RyuJit;Default;X64;8c5e7fda-e8bf-4a96-9a85-a6e23a8c635c;.NET 8.0;False;True;False;True;Default;Default;False;False;False;Default;Default;Default;Default;Default;Default;Default;Default;30;Default;Default;Default;Default;Default;Default;Default;Default;16;Default;8200;"17,987.1 μs";477.66 μs;714.94 μs;"17,876.9 μs";-50%;5.4%;531.2500;187.5000;31.2500;3194.54 KB;-62%
EfQuery;Job-ONBNTV;False;Default;Default;Default;Default;Default;Default;11111111;Empty;RyuJit;Default;X64;8c5e7fda-e8bf-4a96-9a85-a6e23a8c635c;.NET 8.0;False;True;False;True;Default;Default;False;False;False;Default;Default;Default;Default;Default;Default;Default;Default;30;Default;Default;Default;Default;Default;Default;Default;Default;16;Default;8200;"35,977.1 μs";934.83 μs;"1,399.22 μs";"35,734.9 μs";baseline;;1285.7143;428.5714;71.4286;8369.58 KB;
EfQueryAsNoTracking;Job-ONBNTV;False;Default;Default;Default;Default;Default;Default;11111111;Empty;RyuJit;Default;X64;8c5e7fda-e8bf-4a96-9a85-a6e23a8c635c;.NET 8.0;False;True;False;True;Default;Default;False;False;False;Default;Default;Default;Default;Default;Default;Default;Default;30;Default;Default;Default;Default;Default;Default;Default;Default;16;Default;8560;"18,569.6 μs";527.26 μs;789.17 μs;"18,394.8 μs";-52%;6.1%;562.5000;218.7500;31.2500;3321.16 KB;-66%
EfQuery;Job-ONBNTV;False;Default;Default;Default;Default;Default;Default;11111111;Empty;RyuJit;Default;X64;8c5e7fda-e8bf-4a96-9a85-a6e23a8c635c;.NET 8.0;False;True;False;True;Default;Default;False;False;False;Default;Default;Default;Default;Default;Default;Default;Default;30;Default;Default;Default;Default;Default;Default;Default;Default;16;Default;8560;"39,163.5 μs";"1,177.01 μs";"1,761.70 μs";"39,073.7 μs";baseline;;1428.5714;571.4286;142.8571;9643.29 KB;
EfQueryAsNoTracking;Job-ONBNTV;False;Default;Default;Default;Default;Default;Default;11111111;Empty;RyuJit;Default;X64;8c5e7fda-e8bf-4a96-9a85-a6e23a8c635c;.NET 8.0;False;True;False;True;Default;Default;False;False;False;Default;Default;Default;Default;Default;Default;Default;Default;30;Default;Default;Default;Default;Default;Default;Default;Default;16;Default;8920;"19,515.8 μs";521.62 μs;780.73 μs;"19,613.7 μs";-52%;5.5%;562.5000;218.7500;31.2500;3447.71 KB;-65%
EfQuery;Job-ONBNTV;False;Default;Default;Default;Default;Default;Default;11111111;Empty;RyuJit;Default;X64;8c5e7fda-e8bf-4a96-9a85-a6e23a8c635c;.NET 8.0;False;True;False;True;Default;Default;False;False;False;Default;Default;Default;Default;Default;Default;Default;Default;30;Default;Default;Default;Default;Default;Default;Default;Default;16;Default;8920;"40,456.1 μs";"1,056.65 μs";"1,581.55 μs";"40,140.2 μs";baseline;;1461.5385;538.4615;76.9231;9958.01 KB;
EfQueryAsNoTracking;Job-ONBNTV;False;Default;Default;Default;Default;Default;Default;11111111;Empty;RyuJit;Default;X64;8c5e7fda-e8bf-4a96-9a85-a6e23a8c635c;.NET 8.0;False;True;False;True;Default;Default;False;False;False;Default;Default;Default;Default;Default;Default;Default;Default;30;Default;Default;Default;Default;Default;Default;Default;Default;16;Default;9280;"19,774.5 μs";546.52 μs;801.08 μs;"19,633.6 μs";-52%;4.8%;593.7500;187.5000;31.2500;3574.13 KB;-65%
EfQuery;Job-ONBNTV;False;Default;Default;Default;Default;Default;Default;11111111;Empty;RyuJit;Default;X64;8c5e7fda-e8bf-4a96-9a85-a6e23a8c635c;.NET 8.0;False;True;False;True;Default;Default;False;False;False;Default;Default;Default;Default;Default;Default;Default;Default;30;Default;Default;Default;Default;Default;Default;Default;Default;16;Default;9280;"41,187.1 μs";788.75 μs;"1,156.14 μs";"40,905.5 μs";baseline;;1545.4545;545.4545;90.9091;10272.62 KB;
EfQueryAsNoTracking;Job-ONBNTV;False;Default;Default;Default;Default;Default;Default;11111111;Empty;RyuJit;Default;X64;8c5e7fda-e8bf-4a96-9a85-a6e23a8c635c;.NET 8.0;False;True;False;True;Default;Default;False;False;False;Default;Default;Default;Default;Default;Default;Default;Default;30;Default;Default;Default;Default;Default;Default;Default;Default;16;Default;9640;"20,660.8 μs";492.40 μs;737.00 μs;"20,768.2 μs";-52%;4.7%;625.0000;218.7500;31.2500;3700.6 KB;-65%
EfQuery;Job-ONBNTV;False;Default;Default;Default;Default;Default;Default;11111111;Empty;RyuJit;Default;X64;8c5e7fda-e8bf-4a96-9a85-a6e23a8c635c;.NET 8.0;False;True;False;True;Default;Default;False;False;False;Default;Default;Default;Default;Default;Default;Default;Default;30;Default;Default;Default;Default;Default;Default;Default;Default;16;Default;9640;"42,965.8 μs";938.73 μs;"1,405.05 μs";"43,064.8 μs";baseline;;1545.4545;545.4545;90.9091;10588.19 KB;
EfQueryAsNoTracking;Job-ONBNTV;False;Default;Default;Default;Default;Default;Default;11111111;Empty;RyuJit;Default;X64;8c5e7fda-e8bf-4a96-9a85-a6e23a8c635c;.NET 8.0;False;True;False;True;Default;Default;False;False;False;Default;Default;Default;Default;Default;Default;Default;Default;30;Default;Default;Default;Default;Default;Default;Default;Default;16;Default;10000;"21,203.2 μs";528.70 μs;791.33 μs;"21,016.3 μs";-53%;5.1%;625.0000;250.0000;31.2500;3827.16 KB;-65%
EfQuery;Job-ONBNTV;False;Default;Default;Default;Default;Default;Default;11111111;Empty;RyuJit;Default;X64;8c5e7fda-e8bf-4a96-9a85-a6e23a8c635c;.NET 8.0;False;True;False;True;Default;Default;False;False;False;Default;Default;Default;Default;Default;Default;Default;Default;30;Default;Default;Default;Default;Default;Default;Default;Default;16;Default;10000;"44,697.7 μs";"1,068.24 μs";"1,598.89 μs";"44,352.6 μs";baseline;;1636.3636;636.3636;90.9091;10902.57 KB;
EfQueryAsNoTracking;Job-ONBNTV;False;Default;Default;Default;Default;Default;Default;11111111;Empty;RyuJit;Default;X64;8c5e7fda-e8bf-4a96-9a85-a6e23a8c635c;.NET 8.0;False;True;False;True;Default;Default;False;False;False;Default;Default;Default;Default;Default;Default;Default;Default;30;Default;Default;Default;Default;Default;Default;Default;Default;16;Default;13600;"28,877.8 μs";199.35 μs;279.47 μs;"28,928.5 μs";-47%;1.1%;843.7500;250.0000;31.2500;5093.11 KB;-64%
EfQuery;Job-ONBNTV;False;Default;Default;Default;Default;Default;Default;11111111;Empty;RyuJit;Default;X64;8c5e7fda-e8bf-4a96-9a85-a6e23a8c635c;.NET 8.0;False;True;False;True;Default;Default;False;False;False;Default;Default;Default;Default;Default;Default;Default;Default;30;Default;Default;Default;Default;Default;Default;Default;Default;16;Default;13600;"54,705.2 μs";210.24 μs;308.17 μs;"54,780.4 μs";baseline;;2000.0000;600.0000;0.0000;14052.41 KB;
EfQueryAsNoTracking;Job-ONBNTV;False;Default;Default;Default;Default;Default;Default;11111111;Empty;RyuJit;Default;X64;8c5e7fda-e8bf-4a96-9a85-a6e23a8c635c;.NET 8.0;False;True;False;True;Default;Default;False;False;False;Default;Default;Default;Default;Default;Default;Default;Default;30;Default;Default;Default;Default;Default;Default;Default;Default;16;Default;17200;"34,238.9 μs";60.18 μs;88.20 μs;"34,205.7 μs";-52%;4.5%;1000.0000;307.6923;0.0000;6615.43 KB;-62%
EfQuery;Job-ONBNTV;False;Default;Default;Default;Default;Default;Default;11111111;Empty;RyuJit;Default;X64;8c5e7fda-e8bf-4a96-9a85-a6e23a8c635c;.NET 8.0;False;True;False;True;Default;Default;False;False;False;Default;Default;Default;Default;Default;Default;Default;Default;30;Default;Default;Default;Default;Default;Default;Default;Default;16;Default;17200;"71,945.9 μs";"2,265.26 μs";"3,390.53 μs";"70,338.3 μs";baseline;;2714.2857;857.1429;142.8571;17458.24 KB;
EfQueryAsNoTracking;Job-ONBNTV;False;Default;Default;Default;Default;Default;Default;11111111;Empty;RyuJit;Default;X64;8c5e7fda-e8bf-4a96-9a85-a6e23a8c635c;.NET 8.0;False;True;False;True;Default;Default;False;False;False;Default;Default;Default;Default;Default;Default;Default;Default;30;Default;Default;Default;Default;Default;Default;Default;Default;16;Default;20800;"41,472.7 μs";227.60 μs;319.06 μs;"41,336.5 μs";-48%;1.9%;1250.0000;416.6667;0.0000;7880.47 KB;-65%
EfQuery;Job-ONBNTV;False;Default;Default;Default;Default;Default;Default;11111111;Empty;RyuJit;Default;X64;8c5e7fda-e8bf-4a96-9a85-a6e23a8c635c;.NET 8.0;False;True;False;True;Default;Default;False;False;False;Default;Default;Default;Default;Default;Default;Default;Default;30;Default;Default;Default;Default;Default;Default;Default;Default;16;Default;20800;"79,968.5 μs";"1,043.96 μs";"1,463.49 μs";"79,202.4 μs";baseline;;3000.0000;1000.0000;0.0000;22596.23 KB;
EfQueryAsNoTracking;Job-ONBNTV;False;Default;Default;Default;Default;Default;Default;11111111;Empty;RyuJit;Default;X64;8c5e7fda-e8bf-4a96-9a85-a6e23a8c635c;.NET 8.0;False;True;False;True;Default;Default;False;False;False;Default;Default;Default;Default;Default;Default;Default;Default;30;Default;Default;Default;Default;Default;Default;Default;Default;16;Default;24400;"49,488.1 μs";480.76 μs;673.96 μs;"49,488.3 μs";-52%;7.5%;1454.5455;454.5455;0.0000;9145.69 KB;-64%
EfQuery;Job-ONBNTV;False;Default;Default;Default;Default;Default;Default;11111111;Empty;RyuJit;Default;X64;8c5e7fda-e8bf-4a96-9a85-a6e23a8c635c;.NET 8.0;False;True;False;True;Default;Default;False;False;False;Default;Default;Default;Default;Default;Default;Default;Default;30;Default;Default;Default;Default;Default;Default;Default;Default;16;Default;24400;"103,747.0 μs";"5,439.22 μs";"7,800.77 μs";"105,119.9 μs";baseline;;3333.3333;1000.0000;0.0000;25745.9 KB;
EfQueryAsNoTracking;Job-ONBNTV;False;Default;Default;Default;Default;Default;Default;11111111;Empty;RyuJit;Default;X64;8c5e7fda-e8bf-4a96-9a85-a6e23a8c635c;.NET 8.0;False;True;False;True;Default;Default;False;False;False;Default;Default;Default;Default;Default;Default;Default;Default;30;Default;Default;Default;Default;Default;Default;Default;Default;16;Default;28000;"55,370.8 μs";326.00 μs;477.85 μs;"55,428.5 μs";-49%;1.1%;1555.5556;444.4444;0.0000;10411.37 KB;-64%
EfQuery;Job-ONBNTV;False;Default;Default;Default;Default;Default;Default;11111111;Empty;RyuJit;Default;X64;8c5e7fda-e8bf-4a96-9a85-a6e23a8c635c;.NET 8.0;False;True;False;True;Default;Default;False;False;False;Default;Default;Default;Default;Default;Default;Default;Default;30;Default;Default;Default;Default;Default;Default;Default;Default;16;Default;28000;"108,060.2 μs";611.05 μs;836.41 μs;"108,137.6 μs";baseline;;4000.0000;1333.3333;0.0000;28895.53 KB;
EfQueryAsNoTracking;Job-ONBNTV;False;Default;Default;Default;Default;Default;Default;11111111;Empty;RyuJit;Default;X64;8c5e7fda-e8bf-4a96-9a85-a6e23a8c635c;.NET 8.0;False;True;False;True;Default;Default;False;False;False;Default;Default;Default;Default;Default;Default;Default;Default;30;Default;Default;Default;Default;Default;Default;Default;Default;16;Default;31600;"62,889.6 μs";213.33 μs;319.30 μs;"62,921.5 μs";-48%;1.0%;1875.0000;750.0000;0.0000;11676.55 KB;-64%
EfQuery;Job-ONBNTV;False;Default;Default;Default;Default;Default;Default;11111111;Empty;RyuJit;Default;X64;8c5e7fda-e8bf-4a96-9a85-a6e23a8c635c;.NET 8.0;False;True;False;True;Default;Default;False;False;False;Default;Default;Default;Default;Default;Default;Default;Default;30;Default;Default;Default;Default;Default;Default;Default;Default;16;Default;31600;"120,597.5 μs";799.57 μs;"1,067.40 μs";"120,317.9 μs";baseline;;4500.0000;1500.0000;0.0000;32045.26 KB;
EfQueryAsNoTracking;Job-ONBNTV;False;Default;Default;Default;Default;Default;Default;11111111;Empty;RyuJit;Default;X64;8c5e7fda-e8bf-4a96-9a85-a6e23a8c635c;.NET 8.0;False;True;False;True;Default;Default;False;False;False;Default;Default;Default;Default;Default;Default;Default;Default;30;Default;Default;Default;Default;Default;Default;Default;Default;16;Default;35200;"70,841.7 μs";313.00 μs;458.79 μs;"70,777.2 μs";-48%;3.6%;2142.8571;714.2857;0.0000;13453.71 KB;-62%
EfQuery;Job-ONBNTV;False;Default;Default;Default;Default;Default;Default;11111111;Empty;RyuJit;Default;X64;8c5e7fda-e8bf-4a96-9a85-a6e23a8c635c;.NET 8.0;False;True;False;True;Default;Default;False;False;False;Default;Default;Default;Default;Default;Default;Default;Default;30;Default;Default;Default;Default;Default;Default;Default;Default;16;Default;35200;"136,060.0 μs";"3,385.85 μs";"5,067.78 μs";"133,151.2 μs";baseline;;5000.0000;1500.0000;0.0000;35706.95 KB;
EfQueryAsNoTracking;Job-ONBNTV;False;Default;Default;Default;Default;Default;Default;11111111;Empty;RyuJit;Default;X64;8c5e7fda-e8bf-4a96-9a85-a6e23a8c635c;.NET 8.0;False;True;False;True;Default;Default;False;False;False;Default;Default;Default;Default;Default;Default;Default;Default;30;Default;Default;Default;Default;Default;Default;Default;Default;16;Default;38800;"84,762.7 μs";514.61 μs;704.40 μs;"84,818.9 μs";-46%;1.3%;2250.0000;750.0000;0.0000;14719.65 KB;-66%
EfQuery;Job-ONBNTV;False;Default;Default;Default;Default;Default;Default;11111111;Empty;RyuJit;Default;X64;8c5e7fda-e8bf-4a96-9a85-a6e23a8c635c;.NET 8.0;False;True;False;True;Default;Default;False;False;False;Default;Default;Default;Default;Default;Default;Default;Default;30;Default;Default;Default;Default;Default;Default;Default;Default;16;Default;38800;"156,695.7 μs";"1,243.42 μs";"1,702.01 μs";"156,403.8 μs";baseline;;6000.0000;2000.0000;0.0000;42982.42 KB;
EfQueryAsNoTracking;Job-ONBNTV;False;Default;Default;Default;Default;Default;Default;11111111;Empty;RyuJit;Default;X64;8c5e7fda-e8bf-4a96-9a85-a6e23a8c635c;.NET 8.0;False;True;False;True;Default;Default;False;False;False;Default;Default;Default;Default;Default;Default;Default;Default;30;Default;Default;Default;Default;Default;Default;Default;Default;16;Default;42400;"90,455.1 μs";238.73 μs;357.32 μs;"90,502.0 μs";-46%;0.5%;2500.0000;1000.0000;0.0000;15984.49 KB;-65%
EfQuery;Job-ONBNTV;False;Default;Default;Default;Default;Default;Default;11111111;Empty;RyuJit;Default;X64;8c5e7fda-e8bf-4a96-9a85-a6e23a8c635c;.NET 8.0;False;True;False;True;Default;Default;False;False;False;Default;Default;Default;Default;Default;Default;Default;Default;30;Default;Default;Default;Default;Default;Default;Default;Default;16;Default;42400;"167,689.7 μs";451.58 μs;647.65 μs;"167,529.1 μs";baseline;;6000.0000;2000.0000;0.0000;46131.88 KB;
EfQueryAsNoTracking;Job-ONBNTV;False;Default;Default;Default;Default;Default;Default;11111111;Empty;RyuJit;Default;X64;8c5e7fda-e8bf-4a96-9a85-a6e23a8c635c;.NET 8.0;False;True;False;True;Default;Default;False;False;False;Default;Default;Default;Default;Default;Default;Default;Default;30;Default;Default;Default;Default;Default;Default;Default;Default;16;Default;46000;"98,450.3 μs";394.87 μs;591.02 μs;"98,349.5 μs";-47%;1.3%;2800.0000;1000.0000;0.0000;17249.91 KB;-65%
EfQuery;Job-ONBNTV;False;Default;Default;Default;Default;Default;Default;11111111;Empty;RyuJit;Default;X64;8c5e7fda-e8bf-4a96-9a85-a6e23a8c635c;.NET 8.0;False;True;False;True;Default;Default;False;False;False;Default;Default;Default;Default;Default;Default;Default;Default;30;Default;Default;Default;Default;Default;Default;Default;Default;16;Default;46000;"185,133.0 μs";"1,565.73 μs";"2,194.94 μs";"184,387.1 μs";baseline;;6000.0000;2000.0000;0.0000;49281.89 KB;
EfQueryAsNoTracking;Job-ONBNTV;False;Default;Default;Default;Default;Default;Default;11111111;Empty;RyuJit;Default;X64;8c5e7fda-e8bf-4a96-9a85-a6e23a8c635c;.NET 8.0;False;True;False;True;Default;Default;False;False;False;Default;Default;Default;Default;Default;Default;Default;Default;30;Default;Default;Default;Default;Default;Default;Default;Default;16;Default;49600;"105,542.5 μs";543.57 μs;725.65 μs;"105,689.2 μs";-45%;0.9%;2800.0000;1000.0000;0.0000;18515.21 KB;-65%
EfQuery;Job-ONBNTV;False;Default;Default;Default;Default;Default;Default;11111111;Empty;RyuJit;Default;X64;8c5e7fda-e8bf-4a96-9a85-a6e23a8c635c;.NET 8.0;False;True;False;True;Default;Default;False;False;False;Default;Default;Default;Default;Default;Default;Default;Default;30;Default;Default;Default;Default;Default;Default;Default;Default;16;Default;49600;"192,950.6 μs";952.52 μs;"1,271.58 μs";"192,487.7 μs";baseline;;7000.0000;2000.0000;0.0000;52431.63 KB;
EfQueryAsNoTracking;Job-ONBNTV;False;Default;Default;Default;Default;Default;Default;11111111;Empty;RyuJit;Default;X64;8c5e7fda-e8bf-4a96-9a85-a6e23a8c635c;.NET 8.0;False;True;False;True;Default;Default;False;False;False;Default;Default;Default;Default;Default;Default;Default;Default;30;Default;Default;Default;Default;Default;Default;Default;Default;16;Default;53200;"113,097.6 μs";365.09 μs;546.44 μs;"113,067.1 μs";-47%;3.3%;3000.0000;1000.0000;0.0000;19780.66 KB;-64%
EfQuery;Job-ONBNTV;False;Default;Default;Default;Default;Default;Default;11111111;Empty;RyuJit;Default;X64;8c5e7fda-e8bf-4a96-9a85-a6e23a8c635c;.NET 8.0;False;True;False;True;Default;Default;False;False;False;Default;Default;Default;Default;Default;Default;Default;Default;30;Default;Default;Default;Default;Default;Default;Default;Default;16;Default;53200;"214,736.2 μs";"4,933.72 μs";"7,231.79 μs";"217,265.6 μs";baseline;;8000.0000;3000.0000;0.0000;55581.3 KB;
EfQueryAsNoTracking;Job-ONBNTV;False;Default;Default;Default;Default;Default;Default;11111111;Empty;RyuJit;Default;X64;8c5e7fda-e8bf-4a96-9a85-a6e23a8c635c;.NET 8.0;False;True;False;True;Default;Default;False;False;False;Default;Default;Default;Default;Default;Default;Default;Default;30;Default;Default;Default;Default;Default;Default;Default;Default;16;Default;56800;"120,524.2 μs";677.89 μs;993.64 μs;"120,398.0 μs";-47%;1.0%;3400.0000;1200.0000;0.0000;21046.24 KB;-64%
EfQuery;Job-ONBNTV;False;Default;Default;Default;Default;Default;Default;11111111;Empty;RyuJit;Default;X64;8c5e7fda-e8bf-4a96-9a85-a6e23a8c635c;.NET 8.0;False;True;False;True;Default;Default;False;False;False;Default;Default;Default;Default;Default;Default;Default;Default;30;Default;Default;Default;Default;Default;Default;Default;Default;16;Default;56800;"227,644.5 μs";"1,124.74 μs";"1,462.48 μs";"227,280.7 μs";baseline;;8000.0000;3000.0000;0.0000;58731.12 KB;
EfQueryAsNoTracking;Job-ONBNTV;False;Default;Default;Default;Default;Default;Default;11111111;Empty;RyuJit;Default;X64;8c5e7fda-e8bf-4a96-9a85-a6e23a8c635c;.NET 8.0;False;True;False;True;Default;Default;False;False;False;Default;Default;Default;Default;Default;Default;Default;Default;30;Default;Default;Default;Default;Default;Default;Default;Default;16;Default;60400;"127,665.7 μs";"1,293.51 μs";"1,855.11 μs";"127,055.4 μs";-48%;1.5%;3333.3333;1000.0000;0.0000;22311.5 KB;-64%
EfQuery;Job-ONBNTV;False;Default;Default;Default;Default;Default;Default;11111111;Empty;RyuJit;Default;X64;8c5e7fda-e8bf-4a96-9a85-a6e23a8c635c;.NET 8.0;False;True;False;True;Default;Default;False;False;False;Default;Default;Default;Default;Default;Default;Default;Default;30;Default;Default;Default;Default;Default;Default;Default;Default;16;Default;60400;"243,716.2 μs";746.70 μs;944.33 μs;"243,448.2 μs";baseline;;9000.0000;2000.0000;0.0000;61880.47 KB;
EfQueryAsNoTracking;Job-ONBNTV;False;Default;Default;Default;Default;Default;Default;11111111;Empty;RyuJit;Default;X64;8c5e7fda-e8bf-4a96-9a85-a6e23a8c635c;.NET 8.0;False;True;False;True;Default;Default;False;False;False;Default;Default;Default;Default;Default;Default;Default;Default;30;Default;Default;Default;Default;Default;Default;Default;Default;16;Default;64000;"136,719.5 μs";390.63 μs;521.47 μs;"136,773.3 μs";-47%;0.6%;3666.6667;1333.3333;0.0000;23577 KB;-64%
EfQuery;Job-ONBNTV;False;Default;Default;Default;Default;Default;Default;11111111;Empty;RyuJit;Default;X64;8c5e7fda-e8bf-4a96-9a85-a6e23a8c635c;.NET 8.0;False;True;False;True;Default;Default;False;False;False;Default;Default;Default;Default;Default;Default;Default;Default;30;Default;Default;Default;Default;Default;Default;Default;Default;16;Default;64000;"258,380.3 μs";837.25 μs;"1,253.15 μs";"258,287.6 μs";baseline;;9000.0000;3000.0000;0.0000;65030.66 KB;
EfQueryAsNoTracking;Job-ONBNTV;False;Default;Default;Default;Default;Default;Default;11111111;Empty;RyuJit;Default;X64;8c5e7fda-e8bf-4a96-9a85-a6e23a8c635c;.NET 8.0;False;True;False;True;Default;Default;False;False;False;Default;Default;Default;Default;Default;Default;Default;Default;30;Default;Default;Default;Default;Default;Default;Default;Default;16;Default;67600;"142,033.9 μs";978.26 μs;"1,433.92 μs";"142,008.5 μs";-48%;1.3%;4000.0000;1333.3333;0.0000;25866.53 KB;-63%
EfQuery;Job-ONBNTV;False;Default;Default;Default;Default;Default;Default;11111111;Empty;RyuJit;Default;X64;8c5e7fda-e8bf-4a96-9a85-a6e23a8c635c;.NET 8.0;False;True;False;True;Default;Default;False;False;False;Default;Default;Default;Default;Default;Default;Default;Default;30;Default;Default;Default;Default;Default;Default;Default;Default;16;Default;67600;"273,220.9 μs";"1,588.87 μs";"2,174.86 μs";"273,115.3 μs";baseline;;10000.0000;3000.0000;0.0000;69204.45 KB;
EfQueryAsNoTracking;Job-ONBNTV;False;Default;Default;Default;Default;Default;Default;11111111;Empty;RyuJit;Default;X64;8c5e7fda-e8bf-4a96-9a85-a6e23a8c635c;.NET 8.0;False;True;False;True;Default;Default;False;False;False;Default;Default;Default;Default;Default;Default;Default;Default;30;Default;Default;Default;Default;Default;Default;Default;Default;16;Default;71200;"154,225.3 μs";880.85 μs;"1,234.82 μs";"153,849.5 μs";-46%;0.8%;4000.0000;1333.3333;0.0000;27131.68 KB;-63%
EfQuery;Job-ONBNTV;False;Default;Default;Default;Default;Default;Default;11111111;Empty;RyuJit;Default;X64;8c5e7fda-e8bf-4a96-9a85-a6e23a8c635c;.NET 8.0;False;True;False;True;Default;Default;False;False;False;Default;Default;Default;Default;Default;Default;Default;Default;30;Default;Default;Default;Default;Default;Default;Default;Default;16;Default;71200;"285,424.7 μs";508.44 μs;712.76 μs;"285,346.9 μs";baseline;;10000.0000;3000.0000;0.0000;72353.93 KB;
EfQueryAsNoTracking;Job-ONBNTV;False;Default;Default;Default;Default;Default;Default;11111111;Empty;RyuJit;Default;X64;8c5e7fda-e8bf-4a96-9a85-a6e23a8c635c;.NET 8.0;False;True;False;True;Default;Default;False;False;False;Default;Default;Default;Default;Default;Default;Default;Default;30;Default;Default;Default;Default;Default;Default;Default;Default;16;Default;74800;"159,927.0 μs";645.30 μs;965.85 μs;"159,838.0 μs";-47%;1.1%;4000.0000;1500.0000;0.0000;28397.2 KB;-62%
EfQuery;Job-ONBNTV;False;Default;Default;Default;Default;Default;Default;11111111;Empty;RyuJit;Default;X64;8c5e7fda-e8bf-4a96-9a85-a6e23a8c635c;.NET 8.0;False;True;False;True;Default;Default;False;False;False;Default;Default;Default;Default;Default;Default;Default;Default;30;Default;Default;Default;Default;Default;Default;Default;Default;16;Default;74800;"300,371.2 μs";"2,039.07 μs";"2,791.10 μs";"299,747.8 μs";baseline;;11000.0000;3000.0000;0.0000;75503.73 KB;
EfQueryAsNoTracking;Job-ONBNTV;False;Default;Default;Default;Default;Default;Default;11111111;Empty;RyuJit;Default;X64;8c5e7fda-e8bf-4a96-9a85-a6e23a8c635c;.NET 8.0;False;True;False;True;Default;Default;False;False;False;Default;Default;Default;Default;Default;Default;Default;Default;30;Default;Default;Default;Default;Default;Default;Default;Default;16;Default;78400;"167,285.3 μs";"1,299.58 μs";"1,821.83 μs";"167,030.9 μs";-46%;1.3%;4333.3333;1333.3333;0.0000;29661.99 KB;-66%
EfQuery;Job-ONBNTV;False;Default;Default;Default;Default;Default;Default;11111111;Empty;RyuJit;Default;X64;8c5e7fda-e8bf-4a96-9a85-a6e23a8c635c;.NET 8.0;False;True;False;True;Default;Default;False;False;False;Default;Default;Default;Default;Default;Default;Default;Default;30;Default;Default;Default;Default;Default;Default;Default;Default;16;Default;78400;"308,789.7 μs";"1,394.36 μs";"2,043.83 μs";"308,235.4 μs";baseline;;11000.0000;3000.0000;0.0000;87208.43 KB;
EfQueryAsNoTracking;Job-ONBNTV;False;Default;Default;Default;Default;Default;Default;11111111;Empty;RyuJit;Default;X64;8c5e7fda-e8bf-4a96-9a85-a6e23a8c635c;.NET 8.0;False;True;False;True;Default;Default;False;False;False;Default;Default;Default;Default;Default;Default;Default;Default;30;Default;Default;Default;Default;Default;Default;Default;Default;16;Default;82000;"173,111.7 μs";"1,227.18 μs";"1,836.78 μs";"173,786.4 μs";-49%;3.3%;4500.0000;1500.0000;0.0000;30927.95 KB;-66%
EfQuery;Job-ONBNTV;False;Default;Default;Default;Default;Default;Default;11111111;Empty;RyuJit;Default;X64;8c5e7fda-e8bf-4a96-9a85-a6e23a8c635c;.NET 8.0;False;True;False;True;Default;Default;False;False;False;Default;Default;Default;Default;Default;Default;Default;Default;30;Default;Default;Default;Default;Default;Default;Default;Default;16;Default;82000;"340,392.2 μs";"7,180.94 μs";"10,748.09 μs";"343,726.2 μs";baseline;;12000.0000;4000.0000;0.0000;90358.42 KB;
EfQueryAsNoTracking;Job-ONBNTV;False;Default;Default;Default;Default;Default;Default;11111111;Empty;RyuJit;Default;X64;8c5e7fda-e8bf-4a96-9a85-a6e23a8c635c;.NET 8.0;False;True;False;True;Default;Default;False;False;False;Default;Default;Default;Default;Default;Default;Default;Default;30;Default;Default;Default;Default;Default;Default;Default;Default;16;Default;85600;"182,026.1 μs";864.30 μs;"1,211.62 μs";"181,423.6 μs";-49%;0.7%;5000.0000;2000.0000;0.0000;32193.27 KB;-66%
EfQuery;Job-ONBNTV;False;Default;Default;Default;Default;Default;Default;11111111;Empty;RyuJit;Default;X64;8c5e7fda-e8bf-4a96-9a85-a6e23a8c635c;.NET 8.0;False;True;False;True;Default;Default;False;False;False;Default;Default;Default;Default;Default;Default;Default;Default;30;Default;Default;Default;Default;Default;Default;Default;Default;16;Default;85600;"358,027.0 μs";792.68 μs;"1,136.84 μs";"357,856.3 μs";baseline;;12000.0000;4000.0000;0.0000;93508.27 KB;
EfQueryAsNoTracking;Job-ONBNTV;False;Default;Default;Default;Default;Default;Default;11111111;Empty;RyuJit;Default;X64;8c5e7fda-e8bf-4a96-9a85-a6e23a8c635c;.NET 8.0;False;True;False;True;Default;Default;False;False;False;Default;Default;Default;Default;Default;Default;Default;Default;30;Default;Default;Default;Default;Default;Default;Default;Default;16;Default;89200;"191,707.4 μs";784.77 μs;"1,150.31 μs";"191,534.9 μs";-48%;0.9%;5000.0000;1666.6667;0.0000;33458.44 KB;-65%
EfQuery;Job-ONBNTV;False;Default;Default;Default;Default;Default;Default;11111111;Empty;RyuJit;Default;X64;8c5e7fda-e8bf-4a96-9a85-a6e23a8c635c;.NET 8.0;False;True;False;True;Default;Default;False;False;False;Default;Default;Default;Default;Default;Default;Default;Default;30;Default;Default;Default;Default;Default;Default;Default;Default;16;Default;89200;"368,853.8 μs";"1,875.42 μs";"2,567.09 μs";"368,800.6 μs";baseline;;12000.0000;4000.0000;0.0000;96657.51 KB;
EfQueryAsNoTracking;Job-ONBNTV;False;Default;Default;Default;Default;Default;Default;11111111;Empty;RyuJit;Default;X64;8c5e7fda-e8bf-4a96-9a85-a6e23a8c635c;.NET 8.0;False;True;False;True;Default;Default;False;False;False;Default;Default;Default;Default;Default;Default;Default;Default;30;Default;Default;Default;Default;Default;Default;Default;Default;16;Default;92800;"200,750.8 μs";357.57 μs;501.27 μs;"200,717.3 μs";-48%;1.8%;5333.3333;1666.6667;0.0000;34723.64 KB;-65%
EfQuery;Job-ONBNTV;False;Default;Default;Default;Default;Default;Default;11111111;Empty;RyuJit;Default;X64;8c5e7fda-e8bf-4a96-9a85-a6e23a8c635c;.NET 8.0;False;True;False;True;Default;Default;False;False;False;Default;Default;Default;Default;Default;Default;Default;Default;30;Default;Default;Default;Default;Default;Default;Default;Default;16;Default;92800;"382,676.9 μs";"5,716.55 μs";"7,433.13 μs";"381,061.5 μs";baseline;;13000.0000;4000.0000;0.0000;99806.95 KB;
EfQueryAsNoTracking;Job-ONBNTV;False;Default;Default;Default;Default;Default;Default;11111111;Empty;RyuJit;Default;X64;8c5e7fda-e8bf-4a96-9a85-a6e23a8c635c;.NET 8.0;False;True;False;True;Default;Default;False;False;False;Default;Default;Default;Default;Default;Default;Default;Default;30;Default;Default;Default;Default;Default;Default;Default;Default;16;Default;96400;"205,643.4 μs";"1,973.90 μs";"2,954.44 μs";"204,689.9 μs";-48%;1.5%;6000.0000;2000.0000;0.0000;35989.38 KB;-65%
EfQuery;Job-ONBNTV;False;Default;Default;Default;Default;Default;Default;11111111;Empty;RyuJit;Default;X64;8c5e7fda-e8bf-4a96-9a85-a6e23a8c635c;.NET 8.0;False;True;False;True;Default;Default;False;False;False;Default;Default;Default;Default;Default;Default;Default;Default;30;Default;Default;Default;Default;Default;Default;Default;Default;16;Default;96400;"396,965.2 μs";"1,707.74 μs";"2,279.78 μs";"397,373.1 μs";baseline;;13000.0000;4000.0000;0.0000;102957.26 KB;
EfQueryAsNoTracking;Job-ONBNTV;False;Default;Default;Default;Default;Default;Default;11111111;Empty;RyuJit;Default;X64;8c5e7fda-e8bf-4a96-9a85-a6e23a8c635c;.NET 8.0;False;True;False;True;Default;Default;False;False;False;Default;Default;Default;Default;Default;Default;Default;Default;30;Default;Default;Default;Default;Default;Default;Default;Default;16;Default;100000;"210,159.5 μs";"1,347.00 μs";"1,888.31 μs";"210,182.8 μs";-50%;1.4%;5000.0000;2000.0000;0.0000;37254.91 KB;-65%
EfQuery;Job-ONBNTV;False;Default;Default;Default;Default;Default;Default;11111111;Empty;RyuJit;Default;X64;8c5e7fda-e8bf-4a96-9a85-a6e23a8c635c;.NET 8.0;False;True;False;True;Default;Default;False;False;False;Default;Default;Default;Default;Default;Default;Default;Default;30;Default;Default;Default;Default;Default;Default;Default;Default;16;Default;100000;"417,567.4 μs";"3,261.89 μs";"4,464.91 μs";"417,690.8 μs";baseline;;14000.0000;4000.0000;0.0000;106106.84 KB;
